{
  "tp9_mean": -2.8251837248778964e-05,
  "tp9_std": 3.4755829542672816e-05,
  "tp10_mean": -2.8758640078047315e-05,
  "tp10_std": 3.682136603108304e-05
}