{
  "tp9_mean": -2.8451060858535326e-05,
  "tp9_std": 3.535783848106539e-05,
  "tp10_mean": -2.879409734634024e-05,
  "tp10_std": 4.038655488218959e-05
}