{
  "best_accuracy": 1.0,
  "epoch": 164,
  "run_date": "2025-06-20T04:25:09.142085",
  "train_loss": 0.5454829931259155,
  "val_loss": 0.5494233965873718,
  "confusion_matrix": [
    [
      4,
      0
    ],
    [
      0,
      6
    ]
  ],
  "hyperparameters": {
    "epochs": 400,
    "lr": 5e-05,
    "model_type": "TwoChannelLSTMClassifier"
  }
}